"﻿"Mês Ano"";Órgão Superior;Órgão/Entidade Vinculada;Valor Empenhado;Valor Liquidado;Valor Pago;Valor Restos a Pagar Pagos;Valor Saldo
07/2019;63000 - Advocacia-Geral da União                                   ;63000 - Advocacia-Geral da União - Unidades com vínculo direto               ;-1.487.498,8;297.375.071,7;361.810.464,8;1.275.029,5;-298.862.570,5
07/2019;24000 - Ministério da Ciência, Tecnologia, Inovações e Comunicações;20402 - Agência Espacial Brasileira                                          ;-1.112.080,4;972.317,6;1.268.404,4;1.270.680,2;-2.084.398
07/2019;39000 - Ministério da Infraestrutura                               ;62201 - Agência Nacional de Aviação Civil                                    ;-3.949.604,4;41.221.889,3;47.599.331,7;1.059.572,5;-45.171.493,7
07/2019;32000 - Ministério de Minas e Energia                              ;32210 - Agência Nacional de Energia Elétrica                                 ;2.122.366,6;435.946.974,8;439.008.444,5;555.974,6;-433.824.608,2
07/2019;32000 - Ministério de Minas e Energia                              ;32396 - Agência Nacional de Mineração                                        ;14.742.776,4;300.505.614,2;307.292.713,9;1.046.121,1;-285.762.837,8
07/2019;36000 - Ministério da Saúde                                        ;36213 - Agência Nacional de Saúde Suplementar                                ;2.949.807,1;24.003.410,4;26.982.551,4;71.733,6;-21.053.603,3
07/2019;39000 - Ministério da Infraestrutura                               ;68201 - Agência Nacional de Transportes Aquaviários                          ;-40.727,5;11.414.199,7;13.312.740,2;1.192.360,5;-11.454.927,2
07/2019;39000 - Ministério da Infraestrutura                               ;39250 - Agência Nacional de Transportes Terrestres                           ;32.442.562,4;39.207.126,8;43.383.591,2;1.609.198,4;-6.764.564,5
07/2019;36000 - Ministério da Saúde                                        ;36212 - Agência Nacional de Vigilância Sanitária                             ;71.790.910,7;58.899.201,8;72.148.794,2;496.567,3;12.891.708,9
07/2019;53000 - Ministério do Desenvolvimento Regional                     ;44205 - Agência Nacional de Águas                                            ;11.778.282,5;31.220.496;33.883.087,8;1.897.113,7;-19.442.213,5
07/2019;55000 - Ministério da Cidadania                                    ;20203 - Agência Nacional do Cinema                                           ;1.513.392,2;10.037.415,3;11.898.342,8;100.654.720;-8.524.023,1
07/2019;32000 - Ministério de Minas e Energia                              ;32205 - Agência Nacional do Petróleo, Gás Natural e Biocombustíveis          ;9.673.161,5;34.455.790,3;38.319.281,2;4.912.272,9;-24.782.628,8
07/2019;24000 - Ministério da Ciência, Tecnologia, Inovações e Comunicações;41231 - Agêncial Nacional de Telecomunicações                                ;10.786.623,8;40.258.962,2;46.404.032,1;4.819.916,9;-29.472.338,4
07/2019;52000 - Ministério da Defesa                                       ;52233 - Amazônia Azul Tecnologia de Defesa S.A.                              ;449.863,5;25.805.156,9;34.438.076,2;354.443,6;-25.355.293,4
07/2019;25000 - Ministério da Economia                                     ;25201 - Banco Central do Brasil - Orçamento Fiscal e Seguridade Social       ;294.047.858,6;309.380.400,1;411.595.044,5;0;-15.332.541,5
07/2019;52000 - Ministério da Defesa                                       ;31280 - Caixa de Construções de Casas para o Pessoal da Marinha do Brasil    ;177.660,4;30.020.159,2;30.020.159,2;305.779,7;-29.842.498,8
07/2019;52000 - Ministério da Defesa                                       ;52211 - Caixa de Financiamento Imobiliário da Aeronáutica                    ;106.231,6;214.495,6;257.227,9;0;-108.264
07/2019;26000 - Ministério da Educação                                     ;26256 - Centro Federal de Educação Tecnológica Celso Suckow da Fonseca       ;2.796.717;31.461.966,2;38.997.596;869.505,4;-28.665.249,1
07/2019;26000 - Ministério da Educação                                     ;26257 - Centro Federal de Educação Tecnológica de Minas Gerais               ;3.543.100,4;35.589.646,3;42.041.474,7;1.063.427,1;-32.046.545,9
07/2019;24000 - Ministério da Ciência, Tecnologia, Inovações e Comunicações;24209 - Centro Nacional de Tecnologia Eletrônica Avançada S.A.               ;-1.330.614,3;4.951.898,8;5.872.742,5;220.915,1;-6.282.513,2
07/2019;26000 - Ministério da Educação                                     ;26201 - Colégio Pedro II                                                     ;67.682.727,6;50.822.997,8;67.003.473,5;1.113.317,5;16.859.729,8
07/2019;52000 - Ministério da Defesa                                       ;52111 - Comando da Aeronáutica                                               ;1.712.587.589,4;1.905.068.488;2.499.206.173,5;111.000.056,9;-192.480.898,6
07/2019;52000 - Ministério da Defesa                                       ;52131 - Comando da Marinha                                                   ;116.636.056,1;2.027.652.846,9;2.689.264.026;53.357.746,9;-1.911.016.790,7
07/2019;52000 - Ministério da Defesa                                       ;52132 - Comando da Marinha - Fundo Naval                                     ;3,8;0;0;167.935,4;3,8
07/2019;52000 - Ministério da Defesa                                       ;52121 - Comando do Exército                                                  ;1.729.835.121,3;3.503.608.427,3;4.864.663.471,6;195.203.427,6;-1.773.773.306,1
07/2019;25000 - Ministério da Economia                                     ;25203 - Comissão de Valores Mobiliários                                      ;727.643,2;19.559.307,1;24.328.868,4;539.510,5;-18.831.663,8
07/2019;24000 - Ministério da Ciência, Tecnologia, Inovações e Comunicações;20301 - Comissão Nacional de Energia Nuclear                                 ;2.367.249,4;77.405.399;89.729.649,4;748.437,6;-75.038.149,5
07/2019;53000 - Ministério do Desenvolvimento Regional                     ;29214 - Companhia Brasileira de Trens Urbanos                                ;70.762.613,9;85.605.003,2;86.705.046,6;3.456.213,8;-14.842.389,3
07/2019;53000 - Ministério do Desenvolvimento Regional                     ;22203 - Companhia de Desenvolvimento dos Vales do São Francisco e do Parnaíba;70.899.523,9;69.054.981,7;49.793.698;61.712.260;1.844.542,2
07/2019;32000 - Ministério de Minas e Energia                              ;29208 - Companhia de Pesquisa de Recursos Minerais                           ;48.232.537,8;41.028.769,6;39.013.311,2;1.476.473,3;7.203.768,2
07/2019;22000 - Ministério da Agricultura, Pecuária e Abastecimento        ;22211 - Companhia Nacional de Abastecimento                                  ;31.294.546,9;108.572.175,1;119.553.919;2.706.898,7;-77.277.628,1
07/2019;30000 - Ministério da Justiça e Segurança Pública                  ;30211 - Conselho Administrativo de Defesa Econômica                          ;4.568.739,5;3.665.107,6;3.931.888,3;85.699,4;903.631,9
07/2019;24000 - Ministério da Ciência, Tecnologia, Inovações e Comunicações;20501 - Conselho Nacional de Desenvolvimento Científico e Tecnológico        ;8.196.301,8;117.660.293,6;121.183.778,1;10.180.421,7;-109.463.991,8
07/2019;37000 - Controladoria-Geral da União                               ;37000 - Controladoria-Geral da União - Unidades com vínculo direto           ;4.229.645,6;81.137.860,9;99.860.365,7;2.135.482,8;-76.908.215,3
07/2019;30000 - Ministério da Justiça e Segurança Pública                  ;30108 - Departamento de Polícia Federal                                      ;319.326.810,1;556.060.089;688.921.530,2;22.574.990,3;-236.733.278,9
07/2019;30000 - Ministério da Justiça e Segurança Pública                  ;30802 - Departamento de Polícia Rodoviária Federal                           ;79.309.094,5;355.239.705,6;445.456.375,2;20.589.349,9;-275.930.611,1
07/2019;39000 - Ministério da Infraestrutura                               ;49901 - Departamento do Fundo da Marinha Mercante                            ;35.873.146,4;28.621.845,9;15.552.483,5;0;7.251.300,5
07/2019;39000 - Ministério da Infraestrutura                               ;39252 - Departamento Nacional de Infraestrutura de Transportes               ;315.308.832,5;655.287.379,9;624.884.288,3;159.076.612,2;-339.978.547,4
07/2019;53000 - Ministério do Desenvolvimento Regional                     ;22204 - Departamento Nacional de Obras Contra as Secas                       ;82.814.701,9;58.869.211;80.732.489,6;65.737.514,1;23.945.491
07/2019;32000 - Ministério de Minas e Energia                              ;32263 - Departamento Nacional de Produção Mineral                            ;1.241,7;1.587,7;1.572,5;390.154,3;-346
07/2019;20000 - Presidência da República                                   ;20415 - Empresa Brasil de Comunicação                                        ;9.013.505;37.833.850,6;38.742.702;825.707;-28.820.345,7
07/2019;22000 - Ministério da Agricultura, Pecuária e Abastecimento        ;22202 - Empresa Brasileira de Pesquisa Agropecuária                          ;93.192.178,5;285.500.830,5;359.654.391,9;5.391.945;-192.308.651,9
07/2019;26000 - Ministério da Educação                                     ;26443 - Empresa Brasileira de Serviços Hospitalares                          ;87.046.504,5;444.744.547,4;559.249.121,5;15.195.035,8;-357.698.042,9
07/2019;32000 - Ministério de Minas e Energia                              ;32314 - Empresa de Pesquisa Energética                                       ;255.498,4;7.699.020,4;8.783.175,3;7.714,9;-7.443.522
07/2019;39000 - Ministério da Infraestrutura                               ;39253 - Empresa de Planejamento e Logística S.A.                             ;-112.800,6;3.785.604,2;4.642.513,7;361.412,7;-3.898.404,8
07/2019;53000 - Ministério do Desenvolvimento Regional                     ;29205 - Empresa de Trens Urbanos de Porto Alegre                             ;32.012.272,8;29.766.569,2;28.529.331,4;2.113.032,4;2.245.703,6
07/2019;24000 - Ministério da Ciência, Tecnologia, Inovações e Comunicações;20502 - Financiadora de Estudos e Projetos                                   ;4.895,2;4.895,2;4.895,2;0;0
07/2019;35000 - Ministério das Relações Exteriores                         ;35201 - Fundação Alexandre de Gusmão                                         ;1.499.414,2;1.020.542,2;1.197.723,4;0;478.872
07/2019;55000 - Ministério da Cidadania                                    ;20404 - Fundação Biblioteca Nacional                                         ;-2.587.275,6;8.360.641,4;10.128.947,1;241.251,5;-10.947.917
07/2019;55000 - Ministério da Cidadania                                    ;20403 - Fundação Casa de Rui Barbosa                                         ;297.104,9;3.597.746,5;4.461.540,8;89.925,8;-3.300.641,6
07/2019;26000 - Ministério da Educação                                     ;26291 - Fundação Coordenação de Aperfeiçoamento de Pessoal de Nível Superior ;598.286.080;334.905.484,1;343.406.434,5;22.960.965,8;263.380.595,9
07/2019;55000 - Ministério da Cidadania                                    ;20408 - Fundação Cultural Palmares                                           ;255.187,4;1.407.836,2;1.582.951;480.974,7;-1.152.648,8
07/2019;25000 - Ministério da Economia                                     ;20202 - Fundação Escola Nacional de Administração Pública                    ;20.620.812,3;7.074.993,4;8.298.130,5;496.239,6;13.545.818,9
07/2019;25000 - Ministério da Economia                                     ;25205 - Fundação Instituto Brasileiro de Geografia e Estatística             ;21.684.848,4;191.110.766,4;251.724.195,4;6.225.504,2;-169.425.917,9
07/2019;26000 - Ministério da Educação                                     ;26292 - Fundação Joaquim Nabuco                                              ;1.935.681;10.224.570,8;12.463.477,2;8.560,8;-8.288.889,7
07/2019;25000 - Ministério da Economia                                     ;37201 - Fundação Jorge Duprat Figueiredo, de Segurança e Medicina do Trabalho;1.041.299,5;8.128.812,5;10.222.223,6;42.730,8;-7.087.513
07/2019;55000 - Ministério da Cidadania                                    ;20412 - Fundação Nacional de Artes                                           ;2.784.404,6;7.651.361,7;9.183.580,5;1.554.566,7;-4.866.957,1
07/2019;36000 - Ministério da Saúde                                        ;36211 - Fundação Nacional de Saúde                                           ;35.884.560,4;169.553.017,2;229.149.104,7;17.892.674,8;-133.668.456,8
07/2019;81000 - Ministério da Mulher, Família e Direitos Humanos           ;30202 - Fundação Nacional do Índio                                           ;8.451.465;41.561.627;49.415.384,8;6.903.361,2;-33.110.162
07/2019;81000 - Ministério da Mulher, Família e Direitos Humanos           ;30205 - Fundação Nacional do Índio - Patrimônio Indígena                     ;472.477,6;294.566,7;282.659,5;97.292,8;177.910,9
07/2019;36000 - Ministério da Saúde                                        ;36201 - Fundação Oswaldo Cruz                                                ;450.257.830,3;447.386.287,1;386.781.438,3;55.974.444,8;2.871.543,2
07/2019;52000 - Ministério da Defesa                                       ;52222 - Fundação Osório                                                      ;156.699,7;1.638.016,8;2.080.282,2;0;-1.481.317,1
07/2019;26000 - Ministério da Educação                                     ;26271 - Fundação Universidade de Brasília                                    ;16.608.211,6;148.078.270,3;191.489.638,3;14.801.599,4;-131.470.058,7
07/2019;26000 - Ministério da Educação                                     ;26270 - Fundação Universidade do Amazonas                                    ;18.997.883;65.912.127;79.674.325,4;2.151.174;-46.914.244,1
07/2019;26000 - Ministério da Educação                                     ;26272 - Fundação Universidade do Maranhão                                    ;58.816.777,1;71.140.594,7;89.094.073,9;1.747.189,6;-12.323.817,6
07/2019;26000 - Ministério da Educação                                     ;26350 - Fundação Universidade Federal da Grande Dourados                     ;5.370.437,5;25.182.864,4;30.526.928,4;7.565.656,4;-19.812.426,9
07/2019;26000 - Ministério da Educação                                     ;26284 - Fundação Universidade Federal de Ciências da Saúde de Porto Alegre   ;3.509.623,6;11.530.839,9;14.353.655,5;1.555.744,5;-8.021.216,3
07/2019;26000 - Ministério da Educação                                     ;26278 - Fundação Universidade Federal de Pelotas                             ;221.867.423,3;66.319.690,8;81.777.456,4;918.047,5;155.547.732,5
07/2019;26000 - Ministério da Educação                                     ;26268 - Fundação Universidade Federal de Rondônia                            ;16.047.219,6;22.327.172,3;28.740.446;968.755,2;-6.279.952,7
07/2019;26000 - Ministério da Educação                                     ;26281 - Fundação Universidade Federal de Sergipe                             ;21.803.114,7;59.665.431,3;70.706.450,5;2.396.646,6;-37.862.316,5
07/2019;26000 - Ministério da Educação                                     ;26280 - Fundação Universidade Federal de São Carlos                          ;48.008.667,7;48.740.897;63.005.841,1;430.898,7;-732.229,3
07/2019;26000 - Ministério da Educação                                     ;26285 - Fundação Universidade Federal de São João Del-Rei                    ;3.390.904,2;24.661.328,7;30.997.122,1;2.811.046,1;-21.270.424,5
07/2019;26000 - Ministério da Educação                                     ;26274 - Fundação Universidade Federal de Uberlândia                          ;18.169.828,7;124.578.607,6;153.238.632,3;1.450.000,8;-106.408.778,9
07/2019;26000 - Ministério da Educação                                     ;26352 - Fundação Universidade Federal do ABC                                 ;26.594.800,4;22.469.377,2;27.428.341,9;974.253,2;4.125.423,2
07/2019;26000 - Ministério da Educação                                     ;26275 - Fundação Universidade Federal do Acre                                ;2.261.436;27.256.568,8;33.455.654;2.877.526;-24.995.132,8
07/2019;26000 - Ministério da Educação                                     ;26286 - Fundação Universidade Federal do Amapá                               ;1.939.494,9;14.710.608,1;18.773.965,2;14.682.117,2;-12.771.113,2
07/2019;26000 - Ministério da Educação                                     ;26276 - Fundação Universidade Federal do Mato Grosso                         ;72.331.486,1;81.494.120,5;97.187.731,7;402.700,1;-9.162.634,3
07/2019;26000 - Ministério da Educação                                     ;26283 - Fundação Universidade Federal do Mato Grosso do Sul                  ;12.586.981,4;68.284.436,6;85.353.013,9;1.957.674,3;-55.697.455,1
07/2019;26000 - Ministério da Educação                                     ;26266 - Fundação Universidade Federal do Pampa                               ;4.163.692,1;25.412.783,9;31.200.993,9;1.345.077,4;-21.249.091,8
07/2019;26000 - Ministério da Educação                                     ;26279 - Fundação Universidade Federal do Piauí                               ;55.326.326,4;65.875.303,3;78.664.673,3;2.593.555,6;-10.548.976,9
07/2019;26000 - Ministério da Educação                                     ;26251 - Fundação Universidade Federal do Tocantins                           ;6.297.687,6;28.625.334,1;35.117.310,6;2.614.317,5;-22.327.646,5
07/2019;26000 - Ministério da Educação                                     ;26230 - Fundação Universidade Federal do Vale do São Francisco               ;4.649.772,1;14.266.741,3;17.822.415,9;1.003.424,8;-9.616.969,2
07/2019;53000 - Ministério do Desenvolvimento Regional                     ;53902 - Fundo Constitucional de Financiamento do Centro-Oeste                ;0;237.982.365,5;237.982.365,5;0;-237.982.365,5
07/2019;53000 - Ministério do Desenvolvimento Regional                     ;53903 - Fundo Constitucional de Financiamento do Nordeste                    ;0;523.189.242,9;523.189.242,9;0;-523.189.242,9
07/2019;53000 - Ministério do Desenvolvimento Regional                     ;53901 - Fundo Constitucional de Financiamento do Norte                       ;0;237.982.364,5;237.982.364,5;0;-237.982.364,5
07/2019;25000 - Ministério da Economia                                     ;25915 - Fundo Constitucional do Distrito Federal                             ;1.175.236.481,8;1.125.841.734;1.270.643.265,3;2.244.715,1;49.394.747,9
07/2019;25000 - Ministério da Economia                                     ;38901 - Fundo de Amparo ao Trabalhador                                       ;3.772.313.800,5;6.507.070.793,4;6.516.751.697,1;14.875.552,9;-2.734.756.992,9
07/2019;25000 - Ministério da Economia                                     ;25901 - Fundo de Compensação de Variações Salariais                          ;0;52.072.439,1;0;0;-52.072.439,1
07/2019;22000 - Ministério da Agricultura, Pecuária e Abastecimento        ;22905 - Fundo de Defesa da Economia Cafeeira                                 ;3.074.001.091,1;3.662.772,5;3.789.417,6;254.391,1;3.070.338.318,5
07/2019;53000 - Ministério do Desenvolvimento Regional                     ;74919 - Fundo de Desenvolvimento do Centro-Oeste                             ;0;0;0;11.770.800;0
07/2019;52000 - Ministério da Defesa                                       ;52133 - Fundo de Desenvolvimento do Ensino Profissional Marítimo             ;0;0;0;5.454,5;0
07/2019;25000 - Ministério da Economia                                     ;25904 - Fundo de Estabilidade do Seguro Rural                                ;0;418.427,4;416.172;0;-418.427,4
07/2019;25000 - Ministério da Economia                                     ;25914 - Fundo de Garantia à Exportação                                       ;10.029.722,8;13.868.038,2;13.868.038,2;28.158.221,2;-3.838.315,5
07/2019;20000 - Presidência da República                                   ;20116 - Fundo de Imprensa Nacional                                           ;2.104.421,2;5.692.732,3;5.807.330,7;121.973,1;-3.588.311,1
07/2019;52000 - Ministério da Defesa                                       ;52904 - Fundo do Exército                                                    ;192.819.918,1;197.612.754,7;183.276.049,3;9.736.377,4;-4.792.836,6
07/2019;33000 - Ministério da Previdência Social                           ;37904 - Fundo do Regime Geral da Previdência Social                          ;183.832.906,3;47.351.916.794,5;47.215.454.674,9;315.095,1;-47.168.083.888,2
07/2019;30000 - Ministério da Justiça e Segurança Pública                  ;30912 - Fundo Nacional Antidrogas                                            ;67.500;16.333,9;4.642,4;0;51.166,1
07/2019;55000 - Ministério da Cidadania                                    ;55001 - Fundo Nacional de Assistência Social                                 ;143.795.571,4;193.211.256;215.772.347,9;6.509.397,2;-49.415.684,6
07/2019;39000 - Ministério da Infraestrutura                               ;62901 - Fundo Nacional de Aviação Civil                                      ;72.339.000;166.887.168,7;166.887.168,7;2.289.923,1;-94.548.168,7
07/2019;55000 - Ministério da Cidadania                                    ;34902 - Fundo Nacional de Cultura                                            ;0;0;0;386.485,8;0
07/2019;24000 - Ministério da Ciência, Tecnologia, Inovações e Comunicações;24901 - Fundo Nacional de Desenvolvimento Científico e Tecnológico           ;40.910.546,3;24.033.776,9;25.169.112,7;10.080.553,8;16.876.769,4
07/2019;26000 - Ministério da Educação                                     ;26298 - Fundo Nacional de Desenvolvimento da Educação                        ;2.428.792.723,8;3.616.257.845,1;3.554.348.739,1;122.995.324,9;-1.187.465.121,3
07/2019;53000 - Ministério do Desenvolvimento Regional                     ;56902 - Fundo Nacional de Habitação de Interesse Social                      ;6.201.500;0;0;402.138,6;6.201.500
07/2019;30000 - Ministério da Justiça e Segurança Pública                  ;30911 - Fundo Nacional de Segurança Pública                                  ;-2.168.490,9;17.373.460,9;17.370.099;24.649.259,3;-19.541.951,8
07/2019;81000 - Ministério da Mulher, Família e Direitos Humanos           ;30914 - Fundo Nacional do Idoso                                              ;0;0;0;673,6;0
07/2019;44000 - Ministério do Meio Ambiente                                ;44204 - Fundo Nacional do Meio Ambiente                                      ;10.120;4.463,3;4.463,3;0;5.656,7
07/2019;24000 - Ministério da Ciência, Tecnologia, Inovações e Comunicações;41903 - Fundo para o Desenvolvimento Tecnológico das Telecomunicações        ;10.000.000;10.000.000;10.000.000;0;0
07/2019;30000 - Ministério da Justiça e Segurança Pública                  ;30907 - Fundo Penitenciário Nacional                                         ;3.762.123,5;5.608.810,1;5.605.874,1;4.176.645,2;-1.846.686,7
07/2019;20000 - Presidência da República                                   ;60000 - Gabinete da Vice-Presidência da República                            ;607.082,2;921.473,8;1.102.453,3;693,8;-314.391,6
07/2019;26000 - Ministério da Educação                                     ;26294 - Hospital de Clínicas de Porto Alegre                                 ;111.672.463,2;114.342.053,8;124.017.414,3;10.987.146,4;-2.669.590,6
07/2019;36000 - Ministério da Saúde                                        ;36210 - Hospital Nossa Senhora da Conceição S.A.                             ;115.960.046,6;116.071.173,9;113.657.273;1.351.767,1;-111.127,3
07/2019;52000 - Ministério da Defesa                                       ;52221 - Indústria de Material Bélico do Brasil                               ;4.581.962,4;14.583.098,2;16.654.220,4;1.118.636,9;-10.001.135,7
07/2019;32000 - Ministério de Minas e Energia                              ;20303 - Indústrias Nucleares do Brasil                                       ;-6.129.069,2;38.788.802,1;40.056.184,3;2.251.464,4;-44.917.871,3
07/2019;55000 - Ministério da Cidadania                                    ;42207 - Instituto Brasileiro de Museus                                       ;12.475.857,4;11.052.552,6;12.736.600;1.039.140,8;1.423.304,8
07/2019;54000 - Ministério do Turismo                                      ;20604 - Instituto Brasileiro de Turismo                                      ;26.407.165,9;5.478.124,2;6.686.919;95.819,1;20.929.041,7
07/2019;44000 - Ministério do Meio Ambiente                                ;20701 - Instituto Brasileiro do Meio Ambiente e dos Recursos Naturais Renováv;35.576.562,8;106.794.052;138.609.009;465.509,3;-71.217.489,2
07/2019;44000 - Ministério do Meio Ambiente                                ;44207 - Instituto Chico Mendes de Conservação da Biodiversidade              ;29.545.496,8;47.577.876,9;59.963.163,6;9.141.438,5;-18.032.380,1
07/2019;25000 - Ministério da Economia                                     ;61201 - Instituto de Pesquisa Econômica Aplicada                             ;42.144.643,9;31.982.154,9;42.217.475,4;168.320,6;10.162.489
07/2019;44000 - Ministério do Meio Ambiente                                ;44206 - Instituto de Pesquisas Jardim Botânico do Rio de Janeiro             ;775.481,1;5.370.272,9;6.719.996,9;261.376,1;-4.594.791,8
07/2019;55000 - Ministério da Cidadania                                    ;20411 - Instituto do Patrimônio Histórico e Artístico Nacional               ;16.660.961;32.821.179,9;38.378.068,1;10.100.617,8;-16.160.218,9
07/2019;26000 - Ministério da Educação                                     ;26404 - Instituto Federal Baiano                                             ;5.059.053,5;23.976.859,1;28.152.577,5;851.267,1;-18.917.805,6
07/2019;26000 - Ministério da Educação                                     ;26422 - Instituto Federal Catarinense                                        ;4.306.351,6;28.539.594,2;36.077.339;1.356.737,3;-24.233.242,7
07/2019;26000 - Ministério da Educação                                     ;26427 - Instituto Federal da Bahia                                           ;4.178.108,5;43.384.971,9;50.053.473,5;1.569.495,5;-39.206.863,4
07/2019;26000 - Ministério da Educação                                     ;26417 - Instituto Federal da Paraíba                                         ;4.055.151,4;40.515.812;47.218.295,3;2.452.078;-36.460.660,6
07/2019;26000 - Ministério da Educação                                     ;26402 - Instituto Federal de Alagoas                                         ;78.896.854,3;32.641.531,5;37.753.346;1.035.854,1;46.255.322,8
07/2019;26000 - Ministério da Educação                                     ;26428 - Instituto Federal de Brasília                                        ;16.185.455,8;17.610.239,1;22.063.893,8;2.500.950,3;-1.424.783,3
07/2019;26000 - Ministério da Educação                                     ;26429 - Instituto Federal de Educação, Ciência e Tecnologia de Goiás         ;2.711.675,2;34.902.285,3;40.505.547;2.203.289,3;-32.190.610,1
07/2019;26000 - Ministério da Educação                                     ;26409 - Instituto Federal de Minas Gerais                                    ;6.528.403,7;31.104.268,6;37.175.504,3;1.701.881,8;-24.575.864,9
07/2019;26000 - Ministério da Educação                                     ;26418 - Instituto Federal de Pernambuco                                      ;5.393.866;42.182.687,1;49.114.348,8;7.381.995,2;-36.788.821,1
07/2019;26000 - Ministério da Educação                                     ;26421 - Instituto Federal de Rondônia                                        ;6.506.344,3;18.454.899,4;19.957.410,1;406.446,9;-11.948.555,1
07/2019;26000 - Ministério da Educação                                     ;26437 - Instituto Federal de Roraima                                         ;26.463.603,8;10.220.231,9;12.563.260,8;989.332,2;16.243.371,9
07/2019;26000 - Ministério da Educação                                     ;26438 - Instituto Federal de Santa Catarina                                  ;6.304.692;43.659.490,3;53.928.884;1.748.621,4;-37.354.798,3
07/2019;26000 - Ministério da Educação                                     ;26423 - Instituto Federal de Sergipe                                         ;5.679.548;20.111.566,6;24.224.262;1.123.202,6;-14.432.018,7
07/2019;26000 - Ministério da Educação                                     ;26439 - Instituto Federal de São Paulo                                       ;7.828.927,9;70.620.306,2;89.565.810;3.274.032,4;-62.791.378,3
07/2019;26000 - Ministério da Educação                                     ;26425 - Instituto Federal do Acre                                            ;20.187.566,9;8.726.995,8;11.015.684,6;494.926,7;11.460.571,1
07/2019;26000 - Ministério da Educação                                     ;26426 - Instituto Federal do Amapá                                           ;1.406.436,5;7.071.136,2;10.202.997,2;509.388,9;-5.664.699,7
07/2019;26000 - Ministério da Educação                                     ;26403 - Instituto Federal do Amazonas                                        ;5.236.558,7;28.100.773,9;32.121.315,8;4.468.764,4;-22.864.215,2
07/2019;26000 - Ministério da Educação                                     ;26405 - Instituto Federal do Ceará                                           ;6.309.878,6;54.142.081,8;65.671.024,5;2.227.940,1;-47.832.203,2
07/2019;26000 - Ministério da Educação                                     ;26406 - Instituto Federal do Espírito Santo                                  ;67.696.111,6;52.205.211,4;63.155.903,7;2.056.943,4;15.490.900,2
07/2019;26000 - Ministério da Educação                                     ;26408 - Instituto Federal do Maranhão                                        ;6.097.409,7;46.058.554,1;59.785.188,3;1.308.438,6;-39.961.144,4
07/2019;26000 - Ministério da Educação                                     ;26414 - Instituto Federal do Mato Grosso                                     ;5.452.924,6;33.725.462,6;42.778.374,6;2.641.527,3;-28.272.538,1
07/2019;26000 - Ministério da Educação                                     ;26415 - Instituto Federal do Mato Grosso do Sul                              ;14.670.151;15.114.599,7;20.999.195,9;2.399.004,6;-444.448,7
07/2019;26000 - Ministério da Educação                                     ;26410 - Instituto Federal do Norte de Minas Gerais                           ;3.523.577,6;19.744.440,3;24.226.994,7;1.651.072,4;-16.220.862,7
07/2019;26000 - Ministério da Educação                                     ;26432 - Instituto Federal do Paraná                                          ;3.860.037,9;31.060.996;39.638.940,6;4.496.909,8;-27.200.958
07/2019;26000 - Ministério da Educação                                     ;26416 - Instituto Federal do Pará                                            ;6.151.043,3;36.421.524,3;45.524.785,5;2.083.334,1;-30.270.481
07/2019;26000 - Ministério da Educação                                     ;26431 - Instituto Federal do Piauí                                           ;20.328.834;32.882.795,1;40.400.298,6;641.739,2;-12.553.961
07/2019;26000 - Ministério da Educação                                     ;26433 - Instituto Federal do Rio de Janeiro                                  ;5.263.290,9;32.550.388,5;40.230.155,2;885.496,5;-27.287.097,6
07/2019;26000 - Ministério da Educação                                     ;26435 - Instituto Federal do Rio Grande do Norte                             ;10.145.904,1;45.155.709;51.952.950,9;3.239.794,2;-35.009.804,9
07/2019;26000 - Ministério da Educação                                     ;26419 - Instituto Federal do Rio Grande do Sul                               ;4.052.743,7;33.443.957,7;40.328.571,1;955.050,1;-29.391.214
07/2019;26000 - Ministério da Educação                                     ;26430 - Instituto Federal do Sertão de Pernambuco                            ;2.295.310,6;13.842.093,2;16.303.796,7;752.267,8;-11.546.782,5
07/2019;26000 - Ministério da Educação                                     ;26411 - Instituto Federal do Sudeste de Minas Gerais                         ;4.038.783,9;23.548.073,7;27.884.116,4;1.981.920,6;-19.509.289,8
07/2019;26000 - Ministério da Educação                                     ;26412 - Instituto Federal do Sul de Minas Gerais                             ;4.950.754,4;20.169.673,7;24.377.736,6;1.997.684;-15.218.919,2
07/2019;26000 - Ministério da Educação                                     ;26424 - Instituto Federal do Tocantins                                       ;71.087.112,6;18.436.842,8;22.916.773,6;556.385;52.650.269,8
07/2019;26000 - Ministério da Educação                                     ;26413 - Instituto Federal do Triângulo Mineiro                               ;3.524.198,9;18.392.361,1;22.075.479;400.275,2;-14.868.162,3
07/2019;26000 - Ministério da Educação                                     ;26420 - Instituto Federal Farroupilha                                        ;57.813.571,2;22.784.958,2;26.893.006;451.657,2;35.028.613
07/2019;26000 - Ministério da Educação                                     ;26434 - Instituto Federal Fluminense                                         ;5.051.546,1;31.334.946,3;37.084.906,1;1.868.751,9;-26.283.400,2
07/2019;26000 - Ministério da Educação                                     ;26407 - Instituto Federal Goiano                                             ;3.879.195,9;23.876.922,9;27.776.812,9;2.486.794,1;-19.997.727
07/2019;26000 - Ministério da Educação                                     ;26436 - Instituto Federal Sul-rio-grandense                                  ;3.839.213,6;33.675.649,7;39.915.080,6;568.700,1;-29.836.436,1
07/2019;25000 - Ministério da Economia                                     ;30204 - Instituto Nacional da Propriedade Industrial                         ;3.871.792;29.801.815,6;36.129.799,1;5.082;-25.930.023,5
07/2019;22000 - Ministério da Agricultura, Pecuária e Abastecimento        ;22201 - Instituto Nacional de Colonização e Reforma Agrária                  ;25.675.591,8;111.321.097,4;140.865.892,7;60.127.687,1;-85.645.505,6
07/2019;26000 - Ministério da Educação                                     ;26290 - Instituto Nacional de Estudos e Pesquisas Educacionais Anísio Teixeir;456.957.284,9;26.579.029,2;28.532.446,7;37.194.146,5;430.378.255,7
07/2019;25000 - Ministério da Economia                                     ;30203 - Instituto Nacional de Metrologia, Qualidade e Tecnologia             ;13.108.828,6;71.605.224,3;77.332.300,2;2.678.953,1;-58.496.395,7
07/2019;20000 - Presidência da República                                   ;24208 - Instituto Nacional de Tecnologia da Informação                       ;388.735,3;1.746.775,8;1.799.162,1;180.000;-1.358.040,5
07/2019;25000 - Ministério da Economia                                     ;37202 - Instituto Nacional do Seguro Social                                  ;15.026.821.927,7;5.939.247.222,4;6.223.982.998,5;2.923.280,9;9.087.574.705,3
07/2019;22000 - Ministério da Agricultura, Pecuária e Abastecimento        ;22000 - Ministério da Agricultura, Pecuária e Abastecimento - Unidades com ví;409.633.155,1;382.952.853;443.043.780,9;151.043.670,8;26.680.302,1
07/2019;55000 - Ministério da Cidadania                                    ;55000 - Ministério da Cidadania - Unidades com vínculo direto                ;230.546.373,7;2.634.941.889,5;2.646.581.054,2;132.224.621,2;-2.404.395.515,7
07/2019;24000 - Ministério da Ciência, Tecnologia, Inovações e Comunicações;24000 - Ministério da Ciência, Tecnologia, Inovações e Comunicações - Unidade;27.278.039,2;226.545.489,6;291.980.888,4;13.315.676,7;-199.267.450,3
07/2019;52000 - Ministério da Defesa                                       ;52000 - Ministério da Defesa - Unidades com vínculo direto                   ;31.174.475,9;39.001.009;47.123.012,1;39.601.428,2;-7.826.533,1
07/2019;25000 - Ministério da Economia                                     ;25000 - Ministério da Economia - Unidades com vínculo direto                 ;150.172.229.181,4;195.472.611.291,6;196.298.108.699,4;67.091.477,8;-45.300.382.110,2
07/2019;26000 - Ministério da Educação                                     ;26000 - Ministério da Educação - Unidades com vínculo direto                 ;-36.348.216,6;61.776.772,9;79.391.411,7;1.390.333,4;-98.124.989,5
07/2019;39000 - Ministério da Infraestrutura                               ;39000 - Ministério da Infraestrutura - Unidades com vínculo direto           ;-9.136.072,9;256.225.466,1;375.165.933,1;813.600,8;-265.361.539,1
07/2019;30000 - Ministério da Justiça e Segurança Pública                  ;30000 - Ministério da Justiça e Segurança Pública - Unidades com vínculo dire;11.041.310,5;55.644.618,3;66.855.549,1;2.289.763,3;-44.603.307,9
07/2019;81000 - Ministério da Mulher, Família e Direitos Humanos           ;81000 - Ministério da Mulher, Família e Direitos Humanos - Unidades com víncu;30.530.644,9;16.928.856,6;19.276.730,4;29.600.625,4;13.601.788,3
07/2019;36000 - Ministério da Saúde                                        ;36000 - Ministério da Saúde - Unidades com vínculo direto                    ;15.433.373.440,7;11.600.098.683,6;11.932.122.732,4;440.377.716,4;3.833.274.757,1
07/2019;35000 - Ministério das Relações Exteriores                         ;35000 - Ministério das Relações Exteriores - Unidades com vínculo direto     ;329.344.376,3;263.273.457,6;288.676.238,4;1.187.022,1;66.070.918,7
07/2019;32000 - Ministério de Minas e Energia                              ;32000 - Ministério de Minas e Energia - Unidades com vínculo direto          ;1.085.515.685,1;1.813.016.351,2;1.814.421.804,3;0;-727.500.666,1
07/2019;53000 - Ministério do Desenvolvimento Regional                     ;53000 - Ministério do Desenvolvimento Regional - Unidades com vínculo direto ;346.336.339,4;370.955.289,5;365.206.497,1;333.844.610,8;-24.618.950
07/2019;44000 - Ministério do Meio Ambiente                                ;44000 - Ministério do Meio Ambiente - Unidades com vínculo direto            ;2.906.735,6;13.917.929,3;17.054.984,6;1.999,5;-11.011.193,7
07/2019;54000 - Ministério do Turismo                                      ;54000 - Ministério do Turismo - Unidades com vínculo direto                  ;4.392.456,2;10.036.490,5;10.829.272,1;21.900.389,6;-5.644.034,3
07/2019;32000 - Ministério de Minas e Energia                              ;20302 - Nuclebrás Equipamentos Pesados S.A.                                  ;2.396.755,9;25.001.236;29.428.472,1;105.176,4;-22.604.480,1
07/2019;20000 - Presidência da República                                   ;20101 - Presidência da República                                             ;53.301.554,8;99.518.813,9;115.975.514,5;105.245.158,9;-46.217.259,1
07/2019;25000 - Ministério da Economia                                     ;25207 - Serviço Federal de Processamento de Dados                            ;182.049.801,2;187.857.511,5;46.394.062,4;2.451.617,4;-5.807.710,3
07/2019;22000 - Ministério da Agricultura, Pecuária e Abastecimento        ;44208 - Serviço Florestal Brasileiro                                         ;1.856.927,7;979.527,3;991.509,2;1.106.283,4;877.400,4
07/2019;25000 - Ministério da Economia                                     ;20603 - Superintendência da Zona Franca de Manaus                            ;1.198.808,9;13.107.390,5;16.401.646,1;804,9;-11.908.581,6
07/2019;53000 - Ministério do Desenvolvimento Regional                     ;53207 - Superintendência de Desenvolvimento do Centro-Oeste                  ;1.412.636,9;2.149.891,4;2.614.996,7;8.623.923,2;-737.254,5
07/2019;25000 - Ministério da Economia                                     ;25208 - Superintendência de Seguros Privados                                 ;1.120.724,5;17.402.674,9;22.414.382;2.231,8;-16.281.950,4
07/2019;53000 - Ministério do Desenvolvimento Regional                     ;53202 - Superintendência do Desenvolvimento da Amazônia                      ;21.873.580,5;3.371.261,7;4.436.607,2;9.267.148,8;18.502.318,8
07/2019;53000 - Ministério do Desenvolvimento Regional                     ;53203 - Superintendência do Desenvolvimento do Nordeste                      ;10.385.002;3.672.004,2;4.122.621,4;100.000;6.712.997,8
07/2019;25000 - Ministério da Economia                                     ;33206 - Superintendência Nacional de Previdência Complementar                ;3.351.865;2.772.977,6;3.481.568,8;40.748,1;578.887,4
07/2019;26000 - Ministério da Educação                                     ;26442 - Universidade da Integração Internacional da Lusofonia Afro-Brasileira;4.238.124,7;10.888.005,9;13.367.896,7;448.930,6;-6.649.881,2
07/2019;26000 - Ministério da Educação                                     ;26232 - Universidade Federal da Bahia                                        ;33.676.923,9;156.982.798,5;183.594.405;2.188.542,3;-123.305.874,6
07/2019;26000 - Ministério da Educação                                     ;26440 - Universidade Federal da Fronteira Sul                                ;14.622.350,7;20.077.163,9;25.067.488;2.908.296,8;-5.454.813,2
07/2019;26000 - Ministério da Educação                                     ;26267 - Universidade Federal da Integração Latino-Americana                  ;26.456.205,3;12.265.465,4;14.791.449;842.619,7;14.190.739,9
07/2019;26000 - Ministério da Educação                                     ;26240 - Universidade Federal da Paraíba                                      ;28.169.997,3;142.509.647,6;169.542.706,1;1.613.616,1;-114.339.650,3
07/2019;26000 - Ministério da Educação                                     ;26231 - Universidade Federal de Alagoas                                      ;9.110.530,7;73.887.325,8;93.527.033,8;1.641.950,4;-64.776.795,1
07/2019;26000 - Ministério da Educação                                     ;26260 - Universidade Federal de Alfenas                                      ;2.507.582;19.217.460,1;19.891.827;498.514,2;-16.709.878,1
07/2019;26000 - Ministério da Educação                                     ;26252 - Universidade Federal de Campina Grande                               ;14.006.903,8;58.094.024,5;66.718.405,6;2.732.836,9;-44.087.120,7
07/2019;26000 - Ministério da Educação                                     ;26235 - Universidade Federal de Goiás                                        ;37.625.573,4;120.814.471,8;163.576.180;6.400.427,6;-83.188.898,4
07/2019;26000 - Ministério da Educação                                     ;26261 - Universidade Federal de Itajubá                                      ;19.430.438,4;17.258.058,9;21.661.633,4;1.106.339,7;2.172.379,4
07/2019;26000 - Ministério da Educação                                     ;26237 - Universidade Federal de Juiz de Fora                                 ;16.446.404,6;74.432.687,5;92.453.298,6;12.620.901,3;-57.986.282,8
07/2019;26000 - Ministério da Educação                                     ;26263 - Universidade Federal de Lavras                                       ;4.808.625,6;29.825.699,4;37.471.802,4;5.771.344;-25.017.073,9
07/2019;26000 - Ministério da Educação                                     ;26238 - Universidade Federal de Minas Gerais                                 ;20.598.411;177.159.189,5;242.096.752,1;6.054.388;-156.560.778,5
07/2019;26000 - Ministério da Educação                                     ;26277 - Universidade Federal de Ouro Preto                                   ;3.606.784,7;34.983.573,8;43.760.646,9;1.691.734;-31.376.789,2
07/2019;26000 - Ministério da Educação                                     ;26242 - Universidade Federal de Pernambuco                                   ;17.050.168,6;140.337.618,1;184.007.443,3;5.034.091,8;-123.287.449,4
07/2019;26000 - Ministério da Educação                                     ;26250 - Universidade Federal de Roraima                                      ;49.266.938,9;17.145.949,3;21.780.322,8;2.038.838,6;32.120.989,6
07/2019;26000 - Ministério da Educação                                     ;26246 - Universidade Federal de Santa Catarina                               ;26.874.879,8;151.753.500,3;187.498.776,2;14.286.935,9;-124.878.620,5
07/2019;26000 - Ministério da Educação                                     ;26247 - Universidade Federal de Santa Maria                                  ;8.597.481,3;106.550.024,4;139.416.860,9;2.413.202,4;-97.952.543,1
07/2019;26000 - Ministério da Educação                                     ;26262 - Universidade Federal de São Paulo                                    ;138.307.411,5;101.650.034,6;138.588.155,4;1.105.888,4;36.657.376,9
07/2019;26000 - Ministério da Educação                                     ;26282 - Universidade Federal de Viçosa                                       ;6.365.025;71.347.059,6;95.181.711;689.651,3;-64.982.034,6
07/2019;26000 - Ministério da Educação                                     ;26449 - Universidade Federal do Cariri                                       ;1.256.275,8;8.756.341,7;10.869.784,4;777.778,7;-7.500.065,8
07/2019;26000 - Ministério da Educação                                     ;26233 - Universidade Federal do Ceará                                        ;37.525.839,2;137.563.110,7;179.635.017,9;3.327.679,2;-100.037.271,5
07/2019;26000 - Ministério da Educação                                     ;26234 - Universidade Federal do Espírito Santo                               ;23.135.389,1;92.798.425;114.485.565;4.753.680;-69.663.035,9
07/2019;26000 - Ministério da Educação                                     ;26269 - Universidade Federal do Estado do Rio de Janeiro                     ;5.632.032;45.093.831,9;58.722.021,7;774.465,4;-39.461.799,9
07/2019;26000 - Ministério da Educação                                     ;26447 - Universidade Federal do Oeste da Bahia                               ;8.039.101,9;8.421.712,3;10.258.339,4;548.142;-382.610,5
07/2019;26000 - Ministério da Educação                                     ;26441 - Universidade Federal do Oeste do Pará                                ;2.525.253,8;13.926.230,2;18.194.351,1;6.983.301,5;-11.400.976,4
07/2019;26000 - Ministério da Educação                                     ;26241 - Universidade Federal do Paraná                                       ;130.281.927,1;152.463.900,1;200.275.529,8;3.295.903,9;-22.181.973
07/2019;26000 - Ministério da Educação                                     ;26239 - Universidade Federal do Pará                                         ;214.199.579,4;129.304.382;156.704.267,1;7.618.887,8;84.895.197,4
07/2019;26000 - Ministério da Educação                                     ;26351 - Universidade Federal do Recôncavo da Bahia                           ;26.204.926,4;26.197.997,4;27.231.997,7;654.621,1;6.929
07/2019;26000 - Ministério da Educação                                     ;26245 - Universidade Federal do Rio de Janeiro                               ;35.914.768,8;305.664.037;384.348.636,1;6.465.020,1;-269.749.268,2
07/2019;26000 - Ministério da Educação                                     ;26273 - Universidade Federal do Rio Grande                                   ;25.140.274,4;56.145.118,1;69.388.345,1;2.852.144,1;-31.004.843,7
07/2019;26000 - Ministério da Educação                                     ;26243 - Universidade Federal do Rio Grande do Norte                          ;282.582.815,9;134.913.319,5;172.644.040,1;36.781.166,8;147.669.496,3
07/2019;26000 - Ministério da Educação                                     ;26244 - Universidade Federal do Rio Grande do Sul                            ;17.100.955,8;149.351.601,2;194.454.547,6;2.668.721,5;-132.250.645,4
07/2019;26000 - Ministério da Educação                                     ;26450 - Universidade Federal do Sul da Bahia                                 ;1.177.727,5;7.932.901,7;9.305.161,6;290.028;-6.755.174,2
07/2019;26000 - Ministério da Educação                                     ;26448 - Universidade Federal do Sul e Sudeste do Pará                        ;8.765.246,1;10.324.816,1;12.804.872,3;3.559.046,6;-1.559.570
07/2019;26000 - Ministério da Educação                                     ;26254 - Universidade Federal do Triângulo Mineiro                            ;11.549.506,8;46.883.361,3;59.028.332,5;1.229.219,4;-35.333.854,5
07/2019;26000 - Ministério da Educação                                     ;26255 - Universidade Federal dos Vales do Jequitinhonha e Mucuri             ;3.372.794,7;21.657.002,6;26.439.195,5;524.271,2;-18.284.208
07/2019;26000 - Ministério da Educação                                     ;26236 - Universidade Federal Fluminense                                      ;23.607.443,5;175.080.548,2;229.129.794,8;11.577.667;-151.473.104,7
07/2019;26000 - Ministério da Educação                                     ;26253 - Universidade Federal Rural da Amazônia                               ;8.620.628,3;18.489.287,2;24.957.747,7;1.359.319,3;-9.868.658,9
07/2019;26000 - Ministério da Educação                                     ;26248 - Universidade Federal Rural de Pernambuco                             ;7.053.604,3;51.824.585,1;63.682.978,8;3.192.127,2;-44.770.980,8
07/2019;26000 - Ministério da Educação                                     ;26249 - Universidade Federal Rural do Rio de Janeiro                         ;5.921.510,2;53.091.540,9;63.990.367,7;1.703.806,8;-47.170.030,6
07/2019;26000 - Ministério da Educação                                     ;26264 - Universidade Federal Rural do Semi-Árido                             ;1.187.043,3;22.287.631,2;27.130.590,1;1.212.111,4;-21.100.587,9
07/2019;26000 - Ministério da Educação                                     ;26258 - Universidade Tecnológica Federal do Paraná                           ;14.240.632,8;72.973.178,1;87.705.415,8;4.695.965,6;-58.732.545,3
07/2019;39000 - Ministério da Infraestrutura                               ;29209 - VALEC Engenharia, Construções e Ferrovias S.A.                       ;7.606.208;30.423.173,6;34.059.975;3.694.451,7;-22.816.965,7
