"Mês Ano";"Órgão Superior";"Órgão/Entidade Vinculada";"Valor Empenhado";"Valor Liquidado";"Valor Pago";"Valor Restos a Pagar Pagos";
"07/2019";"63000 - Advocacia-Geral da União";"63000 - Advocacia-Geral da União - Unidades com vínculo direto";"-1.487.498,84";"297.375.071,71";"361.810.464,78";"1.275.029,46";
"07/2019";"24000 - Ministério da Ciência, Tecnologia, Inovações e Comunicações";"20402 - Agência Espacial Brasileira";"-1.112.080,41";"972.317,56";"1.268.404,45";"1.270.680,16";
"07/2019";"39000 - Ministério da Infraestrutura";"62201 - Agência Nacional de Aviação Civil";"-3.949.604,43";"41.221.889,27";"47.599.331,67";"1.059.572,49";
"07/2019";"32000 - Ministério de Minas e Energia";"32210 - Agência Nacional de Energia Elétrica";"2.122.366,59";"435.946.974,82";"439.008.444,49";"555.974,55";
"07/2019";"32000 - Ministério de Minas e Energia";"32396 - Agência Nacional de Mineração";"14.742.776,37";"300.505.614,21";"307.292.713,89";"1.046.121,14";
"07/2019";"36000 - Ministério da Saúde";"36213 - Agência Nacional de Saúde Suplementar";"2.949.807,09";"24.003.410,37";"26.982.551,44";"71.733,62";
"07/2019";"39000 - Ministério da Infraestrutura";"68201 - Agência Nacional de Transportes Aquaviários";"-40.727,51";"11.414.199,68";"13.312.740,19";"1.192.360,49";
"07/2019";"39000 - Ministério da Infraestrutura";"39250 - Agência Nacional de Transportes Terrestres";"32.442.562,35";"39.207.126,81";"43.383.591,22";"1.609.198,44";
"07/2019";"36000 - Ministério da Saúde";"36212 - Agência Nacional de Vigilância Sanitária";"71.790.910,67";"58.899.201,75";"72.148.794,16";"496.567,32";
"07/2019";"53000 - Ministério do Desenvolvimento Regional";"44205 - Agência Nacional de Águas";"11.778.282,53";"31.220.496,01";"33.883.087,75";"1.897.113,70";
"07/2019";"55000 - Ministério da Cidadania";"20203 - Agência Nacional do Cinema";"1.513.392,20";"10.037.415,30";"11.898.342,80";"100.654.719,97";
"07/2019";"32000 - Ministério de Minas e Energia";"32205 - Agência Nacional do Petróleo, Gás Natural e Biocombustíveis";"9.673.161,48";"34.455.790,30";"38.319.281,20";"4.912.272,88";
"07/2019";"24000 - Ministério da Ciência, Tecnologia, Inovações e Comunicações";"41231 - Agêncial Nacional de Telecomunicações";"10.786.623,82";"40.258.962,20";"46.404.032,10";"4.819.916,86";
"07/2019";"52000 - Ministério da Defesa";"52233 - Amazônia Azul Tecnologia de Defesa S.A.";"449.863,48";"25.805.156,90";"34.438.076,16";"354.443,57";
"07/2019";"25000 - Ministério da Economia";"25201 - Banco Central do Brasil - Orçamento Fiscal e Seguridade Social";"294.047.858,63";"309.380.400,13";"411.595.044,50";"0,00";
"07/2019";"52000 - Ministério da Defesa";"31280 - Caixa de Construções de Casas para o Pessoal da Marinha do Brasil";"177.660,41";"30.020.159,23";"30.020.159,23";"305.779,69";
"07/2019";"52000 - Ministério da Defesa";"52211 - Caixa de Financiamento Imobiliário da Aeronáutica";"106.231,62";"214.495,62";"257.227,92";"0,00";
"07/2019";"26000 - Ministério da Educação";"26256 - Centro Federal de Educação Tecnológica Celso Suckow da Fonseca";"2.796.717,05";"31.461.966,19";"38.997.596,03";"869.505,44";
"07/2019";"26000 - Ministério da Educação";"26257 - Centro Federal de Educação Tecnológica de Minas Gerais";"3.543.100,39";"35.589.646,30";"42.041.474,74";"1.063.427,11";
"07/2019";"24000 - Ministério da Ciência, Tecnologia, Inovações e Comunicações";"24209 - Centro Nacional de Tecnologia Eletrônica Avançada S.A.";"-1.330.614,32";"4.951.898,83";"5.872.742,54";"220.915,14";
"07/2019";"26000 - Ministério da Educação";"26201 - Colégio Pedro II";"67.682.727,59";"50.822.997,77";"67.003.473,51";"1.113.317,46";
"07/2019";"52000 - Ministério da Defesa";"52111 - Comando da Aeronáutica";"1.712.587.589,37";"1.905.068.487,96";"2.499.206.173,47";"111.000.056,93";
"07/2019";"52000 - Ministério da Defesa";"52131 - Comando da Marinha";"116.636.056,13";"2.027.652.846,87";"2.689.264.025,97";"53.357.746,88";
"07/2019";"52000 - Ministério da Defesa";"52132 - Comando da Marinha - Fundo Naval";"3,76";"0,00";"0,00";"167.935,38";
"07/2019";"52000 - Ministério da Defesa";"52121 - Comando do Exército";"1.729.835.121,27";"3.503.608.427,35";"4.864.663.471,56";"195.203.427,56";
"07/2019";"25000 - Ministério da Economia";"25203 - Comissão de Valores Mobiliários";"727.643,24";"19.559.307,07";"24.328.868,38";"539.510,48";
"07/2019";"24000 - Ministério da Ciência, Tecnologia, Inovações e Comunicações";"20301 - Comissão Nacional de Energia Nuclear";"2.367.249,44";"77.405.398,99";"89.729.649,44";"748.437,55";
"07/2019";"53000 - Ministério do Desenvolvimento Regional";"29214 - Companhia Brasileira de Trens Urbanos";"70.762.613,87";"85.605.003,17";"86.705.046,62";"3.456.213,83";
"07/2019";"53000 - Ministério do Desenvolvimento Regional";"22203 - Companhia de Desenvolvimento dos Vales do São Francisco e do Parnaíba";"70.899.523,92";"69.054.981,73";"49.793.698,03";"61.712.260,03";
"07/2019";"32000 - Ministério de Minas e Energia";"29208 - Companhia de Pesquisa de Recursos Minerais";"48.232.537,79";"41.028.769,62";"39.013.311,20";"1.476.473,30";
"07/2019";"22000 - Ministério da Agricultura, Pecuária e Abastecimento";"22211 - Companhia Nacional de Abastecimento";"31.294.546,95";"108.572.175,10";"119.553.918,99";"2.706.898,70";
"07/2019";"30000 - Ministério da Justiça e Segurança Pública";"30211 - Conselho Administrativo de Defesa Econômica";"4.568.739,51";"3.665.107,59";"3.931.888,34";"85.699,41";
"07/2019";"24000 - Ministério da Ciência, Tecnologia, Inovações e Comunicações";"20501 - Conselho Nacional de Desenvolvimento Científico e Tecnológico";"8.196.301,83";"117.660.293,58";"121.183.778,10";"10.180.421,67";
"07/2019";"37000 - Controladoria-Geral da União";"37000 - Controladoria-Geral da União - Unidades com vínculo direto";"4.229.645,63";"81.137.860,90";"99.860.365,74";"2.135.482,83";
"07/2019";"30000 - Ministério da Justiça e Segurança Pública";"30108 - Departamento de Polícia Federal";"319.326.810,13";"556.060.088,99";"688.921.530,16";"22.574.990,30";
"07/2019";"30000 - Ministério da Justiça e Segurança Pública";"30802 - Departamento de Polícia Rodoviária Federal";"79.309.094,47";"355.239.705,60";"445.456.375,25";"20.589.349,85";
"07/2019";"39000 - Ministério da Infraestrutura";"49901 - Departamento do Fundo da Marinha Mercante";"35.873.146,40";"28.621.845,85";"15.552.483,48";"0,00";
"07/2019";"39000 - Ministério da Infraestrutura";"39252 - Departamento Nacional de Infraestrutura de Transportes";"315.308.832,47";"655.287.379,85";"624.884.288,30";"159.076.612,24";
"07/2019";"53000 - Ministério do Desenvolvimento Regional";"22204 - Departamento Nacional de Obras Contra as Secas";"82.814.701,92";"58.869.210,96";"80.732.489,61";"65.737.514,10";
"07/2019";"32000 - Ministério de Minas e Energia";"32263 - Departamento Nacional de Produção Mineral";"1.241,70";"1.587,73";"1.572,52";"390.154,28";
"07/2019";"20000 - Presidência da República";"20415 - Empresa Brasil de Comunicação";"9.013.504,97";"37.833.850,63";"38.742.702,05";"825.706,99";
"07/2019";"22000 - Ministério da Agricultura, Pecuária e Abastecimento";"22202 - Empresa Brasileira de Pesquisa Agropecuária";"93.192.178,55";"285.500.830,50";"359.654.391,92";"5.391.944,97";
"07/2019";"26000 - Ministério da Educação";"26443 - Empresa Brasileira de Serviços Hospitalares";"87.046.504,53";"444.744.547,44";"559.249.121,49";"15.195.035,83";
"07/2019";"32000 - Ministério de Minas e Energia";"32314 - Empresa de Pesquisa Energética";"255.498,39";"7.699.020,37";"8.783.175,31";"7.714,92";
"07/2019";"39000 - Ministério da Infraestrutura";"39253 - Empresa de Planejamento e Logística S.A.";"-112.800,57";"3.785.604,21";"4.642.513,72";"361.412,73";
"07/2019";"53000 - Ministério do Desenvolvimento Regional";"29205 - Empresa de Trens Urbanos de Porto Alegre";"32.012.272,78";"29.766.569,19";"28.529.331,37";"2.113.032,41";
"07/2019";"24000 - Ministério da Ciência, Tecnologia, Inovações e Comunicações";"20502 - Financiadora de Estudos e Projetos";"4.895,24";"4.895,24";"4.895,24";"0,00";
"07/2019";"35000 - Ministério das Relações Exteriores";"35201 - Fundação Alexandre de Gusmão";"1.499.414,22";"1.020.542,17";"1.197.723,39";"0,00";
"07/2019";"55000 - Ministério da Cidadania";"20404 - Fundação Biblioteca Nacional";"-2.587.275,61";"8.360.641,37";"10.128.947,05";"241.251,50";
"07/2019";"55000 - Ministério da Cidadania";"20403 - Fundação Casa de Rui Barbosa";"297.104,92";"3.597.746,53";"4.461.540,81";"89.925,76";
"07/2019";"26000 - Ministério da Educação";"26291 - Fundação Coordenação de Aperfeiçoamento de Pessoal de Nível Superior";"598.286.080,00";"334.905.484,09";"343.406.434,51";"22.960.965,83";
"07/2019";"55000 - Ministério da Cidadania";"20408 - Fundação Cultural Palmares";"255.187,40";"1.407.836,18";"1.582.951,04";"480.974,72";
"07/2019";"25000 - Ministério da Economia";"20202 - Fundação Escola Nacional de Administração Pública";"20.620.812,33";"7.074.993,38";"8.298.130,55";"496.239,58";
"07/2019";"25000 - Ministério da Economia";"25205 - Fundação Instituto Brasileiro de Geografia e Estatística";"21.684.848,44";"191.110.766,38";"251.724.195,44";"6.225.504,25";
"07/2019";"26000 - Ministério da Educação";"26292 - Fundação Joaquim Nabuco";"1.935.681,03";"10.224.570,75";"12.463.477,16";"8.560,78";
"07/2019";"25000 - Ministério da Economia";"37201 - Fundação Jorge Duprat Figueiredo, de Segurança e Medicina do Trabalho";"1.041.299,46";"8.128.812,46";"10.222.223,62";"42.730,80";
"07/2019";"55000 - Ministério da Cidadania";"20412 - Fundação Nacional de Artes";"2.784.404,61";"7.651.361,70";"9.183.580,49";"1.554.566,74";
"07/2019";"36000 - Ministério da Saúde";"36211 - Fundação Nacional de Saúde ";"35.884.560,37";"169.553.017,16";"229.149.104,73";"17.892.674,81";
"07/2019";"81000 - Ministério da Mulher, Família e Direitos Humanos";"30202 - Fundação Nacional do Índio";"8.451.464,97";"41.561.627,00";"49.415.384,78";"6.903.361,19";
"07/2019";"81000 - Ministério da Mulher, Família e Direitos Humanos";"30205 - Fundação Nacional do Índio - Patrimônio Indígena";"472.477,57";"294.566,66";"282.659,46";"97.292,77";
"07/2019";"36000 - Ministério da Saúde";"36201 - Fundação Oswaldo Cruz";"450.257.830,29";"447.386.287,12";"386.781.438,28";"55.974.444,77";
"07/2019";"52000 - Ministério da Defesa";"52222 - Fundação Osório";"156.699,70";"1.638.016,82";"2.080.282,23";"0,00";
"07/2019";"26000 - Ministério da Educação";"26271 - Fundação Universidade de Brasília";"16.608.211,59";"148.078.270,32";"191.489.638,34";"14.801.599,41";
"07/2019";"26000 - Ministério da Educação";"26270 - Fundação Universidade do Amazonas";"18.997.882,96";"65.912.127,02";"79.674.325,41";"2.151.174,00";
"07/2019";"26000 - Ministério da Educação";"26272 - Fundação Universidade do Maranhão";"58.816.777,07";"71.140.594,71";"89.094.073,87";"1.747.189,62";
"07/2019";"26000 - Ministério da Educação";"26350 - Fundação Universidade Federal da Grande Dourados";"5.370.437,45";"25.182.864,39";"30.526.928,43";"7.565.656,44";
"07/2019";"26000 - Ministério da Educação";"26284 - Fundação Universidade Federal de Ciências da Saúde de Porto Alegre";"3.509.623,64";"11.530.839,93";"14.353.655,50";"1.555.744,48";
"07/2019";"26000 - Ministério da Educação";"26278 - Fundação Universidade Federal de Pelotas";"221.867.423,30";"66.319.690,79";"81.777.456,40";"918.047,51";
"07/2019";"26000 - Ministério da Educação";"26268 - Fundação Universidade Federal de Rondônia";"16.047.219,57";"22.327.172,28";"28.740.445,97";"968.755,20";
"07/2019";"26000 - Ministério da Educação";"26281 - Fundação Universidade Federal de Sergipe";"21.803.114,74";"59.665.431,28";"70.706.450,49";"2.396.646,62";
"07/2019";"26000 - Ministério da Educação";"26280 - Fundação Universidade Federal de São Carlos";"48.008.667,74";"48.740.897,04";"63.005.841,06";"430.898,74";
"07/2019";"26000 - Ministério da Educação";"26285 - Fundação Universidade Federal de São João Del-Rei";"3.390.904,19";"24.661.328,71";"30.997.122,14";"2.811.046,13";
"07/2019";"26000 - Ministério da Educação";"26274 - Fundação Universidade Federal de Uberlândia ";"18.169.828,73";"124.578.607,61";"153.238.632,28";"1.450.000,75";
"07/2019";"26000 - Ministério da Educação";"26352 - Fundação Universidade Federal do ABC";"26.594.800,41";"22.469.377,24";"27.428.341,93";"974.253,16";
"07/2019";"26000 - Ministério da Educação";"26275 - Fundação Universidade Federal do Acre";"2.261.436,01";"27.256.568,80";"33.455.653,97";"2.877.526,00";
"07/2019";"26000 - Ministério da Educação";"26286 - Fundação Universidade Federal do Amapá";"1.939.494,93";"14.710.608,11";"18.773.965,18";"14.682.117,15";
"07/2019";"26000 - Ministério da Educação";"26276 - Fundação Universidade Federal do Mato Grosso";"72.331.486,11";"81.494.120,45";"97.187.731,67";"402.700,08";
"07/2019";"26000 - Ministério da Educação";"26283 - Fundação Universidade Federal do Mato Grosso do Sul";"12.586.981,42";"68.284.436,57";"85.353.013,90";"1.957.674,26";
"07/2019";"26000 - Ministério da Educação";"26266 - Fundação Universidade Federal do Pampa";"4.163.692,10";"25.412.783,90";"31.200.993,86";"1.345.077,35";
"07/2019";"26000 - Ministério da Educação";"26279 - Fundação Universidade Federal do Piauí";"55.326.326,44";"65.875.303,31";"78.664.673,32";"2.593.555,57";
"07/2019";"26000 - Ministério da Educação";"26251 - Fundação Universidade Federal do Tocantins";"6.297.687,59";"28.625.334,06";"35.117.310,59";"2.614.317,46";
"07/2019";"26000 - Ministério da Educação";"26230 - Fundação Universidade Federal do Vale do São Francisco";"4.649.772,08";"14.266.741,26";"17.822.415,94";"1.003.424,76";
"07/2019";"53000 - Ministério do Desenvolvimento Regional";"53902 - Fundo Constitucional de Financiamento do Centro-Oeste";"0,00";"237.982.365,52";"237.982.365,52";"0,00";
"07/2019";"53000 - Ministério do Desenvolvimento Regional";"53903 - Fundo Constitucional de Financiamento do Nordeste";"0,00";"523.189.242,85";"523.189.242,85";"0,00";
"07/2019";"53000 - Ministério do Desenvolvimento Regional";"53901 - Fundo Constitucional de Financiamento do Norte";"0,00";"237.982.364,52";"237.982.364,52";"0,00";
"07/2019";"25000 - Ministério da Economia";"25915 - Fundo Constitucional do Distrito Federal";"1.175.236.481,82";"1.125.841.733,96";"1.270.643.265,32";"2.244.715,06";
"07/2019";"25000 - Ministério da Economia";"38901 - Fundo de Amparo ao Trabalhador";"3.772.313.800,50";"6.507.070.793,41";"6.516.751.697,14";"14.875.552,89";
"07/2019";"25000 - Ministério da Economia";"25901 - Fundo de Compensação de Variações Salariais ";"0,00";"52.072.439,15";"0,00";"0,00";
"07/2019";"22000 - Ministério da Agricultura, Pecuária e Abastecimento";"22905 - Fundo de Defesa da Economia Cafeeira";"3.074.001.091,05";"3.662.772,52";"3.789.417,60";"254.391,11";
"07/2019";"53000 - Ministério do Desenvolvimento Regional";"74919 - Fundo de Desenvolvimento do Centro-Oeste";"0,00";"0,00";"0,00";"11.770.800,00";
"07/2019";"52000 - Ministério da Defesa";"52133 - Fundo de Desenvolvimento do Ensino Profissional Marítimo";"0,00";"0,00";"0,00";"5.454,54";
"07/2019";"25000 - Ministério da Economia";"25904 - Fundo de Estabilidade do Seguro Rural";"0,00";"418.427,41";"416.171,99";"0,00";
"07/2019";"25000 - Ministério da Economia";"25914 - Fundo de Garantia à Exportação";"10.029.722,78";"13.868.038,23";"13.868.038,23";"28.158.221,16";
"07/2019";"20000 - Presidência da República";"20116 - Fundo de Imprensa Nacional";"2.104.421,21";"5.692.732,34";"5.807.330,66";"121.973,05";
"07/2019";"52000 - Ministério da Defesa";"52904 - Fundo do Exército";"192.819.918,05";"197.612.754,65";"183.276.049,34";"9.736.377,41";
"07/2019";"33000 - Ministério da Previdência Social";"37904 - Fundo do Regime Geral da Previdência Social";"183.832.906,30";"47.351.916.794,49";"47.215.454.674,88";"315.095,14";
"07/2019";"30000 - Ministério da Justiça e Segurança Pública";"30912 - Fundo Nacional Antidrogas";"67.500,00";"16.333,88";"4.642,36";"0,00";
"07/2019";"55000 - Ministério da Cidadania";"55001 - Fundo Nacional de Assistência Social";"143.795.571,38";"193.211.256,00";"215.772.347,88";"6.509.397,22";
"07/2019";"39000 - Ministério da Infraestrutura";"62901 - Fundo Nacional de Aviação Civil";"72.339.000,00";"166.887.168,70";"166.887.168,70";"2.289.923,07";
"07/2019";"55000 - Ministério da Cidadania";"34902 - Fundo Nacional de Cultura";"0,00";"0,00";"0,00";"386.485,75";
"07/2019";"24000 - Ministério da Ciência, Tecnologia, Inovações e Comunicações";"24901 - Fundo Nacional de Desenvolvimento Científico e Tecnológico";"40.910.546,34";"24.033.776,92";"25.169.112,74";"10.080.553,80";
"07/2019";"26000 - Ministério da Educação";"26298 - Fundo Nacional de Desenvolvimento da Educação";"2.428.792.723,75";"3.616.257.845,07";"3.554.348.739,12";"122.995.324,86";
"07/2019";"53000 - Ministério do Desenvolvimento Regional";"56902 - Fundo Nacional de Habitação de Interesse Social";"6.201.500,00";"0,00";"0,00";"402.138,56";
"07/2019";"30000 - Ministério da Justiça e Segurança Pública";"30911 - Fundo Nacional de Segurança Pública";"-2.168.490,88";"17.373.460,87";"17.370.098,97";"24.649.259,34";
"07/2019";"81000 - Ministério da Mulher, Família e Direitos Humanos";"30914 - Fundo Nacional do Idoso";"0,00";"0,00";"0,00";"673,63";
"07/2019";"44000 - Ministério do Meio Ambiente";"44204 - Fundo Nacional do Meio Ambiente";"10.120,00";"4.463,28";"4.463,28";"0,00";
"07/2019";"24000 - Ministério da Ciência, Tecnologia, Inovações e Comunicações";"41903 - Fundo para o Desenvolvimento Tecnológico das Telecomunicações ";"10.000.000,00";"10.000.000,00";"10.000.000,00";"0,00";
"07/2019";"30000 - Ministério da Justiça e Segurança Pública";"30907 - Fundo Penitenciário Nacional";"3.762.123,45";"5.608.810,13";"5.605.874,13";"4.176.645,20";
"07/2019";"20000 - Presidência da República";"60000 - Gabinete da Vice-Presidência da República";"607.082,19";"921.473,80";"1.102.453,34";"693,84";
"07/2019";"26000 - Ministério da Educação";"26294 - Hospital de Clínicas de Porto Alegre";"111.672.463,17";"114.342.053,79";"124.017.414,30";"10.987.146,44";
"07/2019";"36000 - Ministério da Saúde";"36210 - Hospital Nossa Senhora da Conceição S.A.";"115.960.046,58";"116.071.173,86";"113.657.272,98";"1.351.767,07";
"07/2019";"52000 - Ministério da Defesa";"52221 - Indústria de Material Bélico do Brasil";"4.581.962,43";"14.583.098,17";"16.654.220,39";"1.118.636,93";
"07/2019";"32000 - Ministério de Minas e Energia";"20303 - Indústrias Nucleares do Brasil";"-6.129.069,22";"38.788.802,11";"40.056.184,33";"2.251.464,40";
"07/2019";"55000 - Ministério da Cidadania";"42207 - Instituto Brasileiro de Museus";"12.475.857,42";"11.052.552,62";"12.736.600,01";"1.039.140,76";
"07/2019";"54000 - Ministério do Turismo";"20604 - Instituto Brasileiro de Turismo";"26.407.165,95";"5.478.124,23";"6.686.918,97";"95.819,15";
"07/2019";"44000 - Ministério do Meio Ambiente";"20701 - Instituto Brasileiro do Meio Ambiente e dos Recursos Naturais Renováveis";"35.576.562,78";"106.794.051,96";"138.609.008,99";"465.509,28";
"07/2019";"44000 - Ministério do Meio Ambiente";"44207 - Instituto Chico Mendes de Conservação da Biodiversidade";"29.545.496,84";"47.577.876,91";"59.963.163,65";"9.141.438,50";
"07/2019";"25000 - Ministério da Economia";"61201 - Instituto de Pesquisa Econômica Aplicada";"42.144.643,90";"31.982.154,93";"42.217.475,42";"168.320,57";
"07/2019";"44000 - Ministério do Meio Ambiente";"44206 - Instituto de Pesquisas Jardim Botânico do Rio de Janeiro";"775.481,12";"5.370.272,92";"6.719.996,88";"261.376,14";
"07/2019";"55000 - Ministério da Cidadania";"20411 - Instituto do Patrimônio Histórico e Artístico Nacional";"16.660.960,96";"32.821.179,90";"38.378.068,09";"10.100.617,80";
"07/2019";"26000 - Ministério da Educação";"26404 - Instituto Federal Baiano";"5.059.053,55";"23.976.859,15";"28.152.577,46";"851.267,09";
"07/2019";"26000 - Ministério da Educação";"26422 - Instituto Federal Catarinense";"4.306.351,58";"28.539.594,25";"36.077.339,04";"1.356.737,28";
"07/2019";"26000 - Ministério da Educação";"26427 - Instituto Federal da Bahia";"4.178.108,55";"43.384.971,91";"50.053.473,45";"1.569.495,54";
"07/2019";"26000 - Ministério da Educação";"26417 - Instituto Federal da Paraíba";"4.055.151,37";"40.515.811,98";"47.218.295,33";"2.452.078,04";
"07/2019";"26000 - Ministério da Educação";"26402 - Instituto Federal de Alagoas";"78.896.854,29";"32.641.531,54";"37.753.346,00";"1.035.854,08";
"07/2019";"26000 - Ministério da Educação";"26428 - Instituto Federal de Brasília";"16.185.455,78";"17.610.239,08";"22.063.893,78";"2.500.950,29";
"07/2019";"26000 - Ministério da Educação";"26429 - Instituto Federal de Educação, Ciência e Tecnologia de Goiás";"2.711.675,25";"34.902.285,32";"40.505.546,97";"2.203.289,34";
"07/2019";"26000 - Ministério da Educação";"26409 - Instituto Federal de Minas Gerais";"6.528.403,67";"31.104.268,56";"37.175.504,34";"1.701.881,79";
"07/2019";"26000 - Ministério da Educação";"26418 - Instituto Federal de Pernambuco";"5.393.866,03";"42.182.687,13";"49.114.348,76";"7.381.995,15";
"07/2019";"26000 - Ministério da Educação";"26421 - Instituto Federal de Rondônia";"6.506.344,30";"18.454.899,45";"19.957.410,14";"406.446,90";
"07/2019";"26000 - Ministério da Educação";"26437 - Instituto Federal de Roraima";"26.463.603,78";"10.220.231,93";"12.563.260,79";"989.332,23";
"07/2019";"26000 - Ministério da Educação";"26438 - Instituto Federal de Santa Catarina";"6.304.691,98";"43.659.490,31";"53.928.884,05";"1.748.621,37";
"07/2019";"26000 - Ministério da Educação";"26423 - Instituto Federal de Sergipe";"5.679.547,95";"20.111.566,60";"24.224.262,00";"1.123.202,64";
"07/2019";"26000 - Ministério da Educação";"26439 - Instituto Federal de São Paulo";"7.828.927,93";"70.620.306,20";"89.565.809,95";"3.274.032,39";
"07/2019";"26000 - Ministério da Educação";"26425 - Instituto Federal do Acre";"20.187.566,87";"8.726.995,77";"11.015.684,57";"494.926,69";
"07/2019";"26000 - Ministério da Educação";"26426 - Instituto Federal do Amapá";"1.406.436,53";"7.071.136,22";"10.202.997,20";"509.388,90";
"07/2019";"26000 - Ministério da Educação";"26403 - Instituto Federal do Amazonas";"5.236.558,72";"28.100.773,91";"32.121.315,83";"4.468.764,44";
"07/2019";"26000 - Ministério da Educação";"26405 - Instituto Federal do Ceará";"6.309.878,59";"54.142.081,83";"65.671.024,54";"2.227.940,08";
"07/2019";"26000 - Ministério da Educação";"26406 - Instituto Federal do Espírito Santo";"67.696.111,60";"52.205.211,40";"63.155.903,70";"2.056.943,36";
"07/2019";"26000 - Ministério da Educação";"26408 - Instituto Federal do Maranhão";"6.097.409,74";"46.058.554,10";"59.785.188,29";"1.308.438,57";
"07/2019";"26000 - Ministério da Educação";"26414 - Instituto Federal do Mato Grosso";"5.452.924,57";"33.725.462,64";"42.778.374,63";"2.641.527,29";
"07/2019";"26000 - Ministério da Educação";"26415 - Instituto Federal do Mato Grosso do Sul";"14.670.150,99";"15.114.599,65";"20.999.195,94";"2.399.004,64";
"07/2019";"26000 - Ministério da Educação";"26410 - Instituto Federal do Norte de Minas Gerais";"3.523.577,62";"19.744.440,33";"24.226.994,72";"1.651.072,37";
"07/2019";"26000 - Ministério da Educação";"26432 - Instituto Federal do Paraná";"3.860.037,93";"31.060.995,97";"39.638.940,56";"4.496.909,79";
"07/2019";"26000 - Ministério da Educação";"26416 - Instituto Federal do Pará";"6.151.043,34";"36.421.524,34";"45.524.785,51";"2.083.334,11";
"07/2019";"26000 - Ministério da Educação";"26431 - Instituto Federal do Piauí";"20.328.834,03";"32.882.795,05";"40.400.298,60";"641.739,25";
"07/2019";"26000 - Ministério da Educação";"26433 - Instituto Federal do Rio de Janeiro";"5.263.290,89";"32.550.388,49";"40.230.155,25";"885.496,49";
"07/2019";"26000 - Ministério da Educação";"26435 - Instituto Federal do Rio Grande do Norte";"10.145.904,14";"45.155.709,03";"51.952.950,86";"3.239.794,20";
"07/2019";"26000 - Ministério da Educação";"26419 - Instituto Federal do Rio Grande do Sul";"4.052.743,74";"33.443.957,71";"40.328.571,06";"955.050,12";
"07/2019";"26000 - Ministério da Educação";"26430 - Instituto Federal do Sertão de Pernambuco";"2.295.310,62";"13.842.093,16";"16.303.796,70";"752.267,77";
"07/2019";"26000 - Ministério da Educação";"26411 - Instituto Federal do Sudeste de Minas Gerais";"4.038.783,91";"23.548.073,69";"27.884.116,41";"1.981.920,64";
"07/2019";"26000 - Ministério da Educação";"26412 - Instituto Federal do Sul de Minas Gerais";"4.950.754,42";"20.169.673,66";"24.377.736,63";"1.997.684,00";
"07/2019";"26000 - Ministério da Educação";"26424 - Instituto Federal do Tocantins";"71.087.112,64";"18.436.842,83";"22.916.773,58";"556.385,04";
"07/2019";"26000 - Ministério da Educação";"26413 - Instituto Federal do Triângulo Mineiro";"3.524.198,85";"18.392.361,10";"22.075.479,01";"400.275,24";
"07/2019";"26000 - Ministério da Educação";"26420 - Instituto Federal Farroupilha";"57.813.571,17";"22.784.958,19";"26.893.006,00";"451.657,20";
"07/2019";"26000 - Ministério da Educação";"26434 - Instituto Federal Fluminense";"5.051.546,06";"31.334.946,28";"37.084.906,13";"1.868.751,91";
"07/2019";"26000 - Ministério da Educação";"26407 - Instituto Federal Goiano";"3.879.195,90";"23.876.922,85";"27.776.812,88";"2.486.794,13";
"07/2019";"26000 - Ministério da Educação";"26436 - Instituto Federal Sul-rio-grandense";"3.839.213,58";"33.675.649,71";"39.915.080,59";"568.700,11";
"07/2019";"25000 - Ministério da Economia";"30204 - Instituto Nacional da Propriedade Industrial";"3.871.792,03";"29.801.815,57";"36.129.799,06";"5.082,00";
"07/2019";"22000 - Ministério da Agricultura, Pecuária e Abastecimento";"22201 - Instituto Nacional de Colonização e Reforma Agrária";"25.675.591,80";"111.321.097,39";"140.865.892,68";"60.127.687,09";
"07/2019";"26000 - Ministério da Educação";"26290 - Instituto Nacional de Estudos e Pesquisas Educacionais Anísio Teixeira";"456.957.284,88";"26.579.029,16";"28.532.446,74";"37.194.146,52";
"07/2019";"25000 - Ministério da Economia";"30203 - Instituto Nacional de Metrologia, Qualidade e Tecnologia";"13.108.828,60";"71.605.224,27";"77.332.300,17";"2.678.953,10";
"07/2019";"20000 - Presidência da República";"24208 - Instituto Nacional de Tecnologia da Informação";"388.735,30";"1.746.775,79";"1.799.162,07";"180.000,00";
"07/2019";"25000 - Ministério da Economia";"37202 - Instituto Nacional do Seguro Social ";"15.026.821.927,74";"5.939.247.222,43";"6.223.982.998,47";"2.923.280,85";
"07/2019";"22000 - Ministério da Agricultura, Pecuária e Abastecimento";"22000 - Ministério da Agricultura, Pecuária e Abastecimento - Unidades com vínculo direto";"409.633.155,13";"382.952.853,03";"443.043.780,93";"151.043.670,81";
"07/2019";"55000 - Ministério da Cidadania";"55000 - Ministério da Cidadania - Unidades com vínculo direto";"230.546.373,74";"2.634.941.889,48";"2.646.581.054,15";"132.224.621,23";
"07/2019";"24000 - Ministério da Ciência, Tecnologia, Inovações e Comunicações";"24000 - Ministério da Ciência, Tecnologia, Inovações e Comunicações - Unidades com vínculo direto";"27.278.039,24";"226.545.489,59";"291.980.888,44";"13.315.676,71";
"07/2019";"52000 - Ministério da Defesa";"52000 - Ministério da Defesa - Unidades com vínculo direto";"31.174.475,85";"39.001.008,99";"47.123.012,12";"39.601.428,19";
"07/2019";"25000 - Ministério da Economia";"25000 - Ministério da Economia - Unidades com vínculo direto";"150.172.229.181,37";"195.472.611.291,56";"196.298.108.699,44";"67.091.477,76";
"07/2019";"26000 - Ministério da Educação";"26000 - Ministério da Educação - Unidades com vínculo direto";"-36.348.216,60";"61.776.772,86";"79.391.411,69";"1.390.333,42";
"07/2019";"39000 - Ministério da Infraestrutura";"39000 - Ministério da Infraestrutura - Unidades com vínculo direto";"-9.136.072,92";"256.225.466,14";"375.165.933,09";"813.600,76";
"07/2019";"30000 - Ministério da Justiça e Segurança Pública";"30000 - Ministério da Justiça e Segurança Pública - Unidades com vínculo direto";"11.041.310,46";"55.644.618,33";"66.855.549,12";"2.289.763,33";
"07/2019";"81000 - Ministério da Mulher, Família e Direitos Humanos";"81000 - Ministério da Mulher, Família e Direitos Humanos - Unidades com vínculo direto";"30.530.644,93";"16.928.856,59";"19.276.730,42";"29.600.625,43";
"07/2019";"36000 - Ministério da Saúde";"36000 - Ministério da Saúde - Unidades com vínculo direto";"15.433.373.440,74";"11.600.098.683,64";"11.932.122.732,42";"440.377.716,43";
"07/2019";"35000 - Ministério das Relações Exteriores";"35000 - Ministério das Relações Exteriores - Unidades com vínculo direto";"329.344.376,30";"263.273.457,61";"288.676.238,40";"1.187.022,07";
"07/2019";"32000 - Ministério de Minas e Energia";"32000 - Ministério de Minas e Energia - Unidades com vínculo direto";"1.085.515.685,09";"1.813.016.351,23";"1.814.421.804,34";"0,00";
"07/2019";"53000 - Ministério do Desenvolvimento Regional";"53000 - Ministério do Desenvolvimento Regional - Unidades com vínculo direto";"346.336.339,43";"370.955.289,46";"365.206.497,12";"333.844.610,82";
"07/2019";"44000 - Ministério do Meio Ambiente";"44000 - Ministério do Meio Ambiente - Unidades com vínculo direto";"2.906.735,63";"13.917.929,29";"17.054.984,56";"1.999,55";
"07/2019";"54000 - Ministério do Turismo";"54000 - Ministério do Turismo - Unidades com vínculo direto";"4.392.456,24";"10.036.490,54";"10.829.272,10";"21.900.389,64";
"07/2019";"32000 - Ministério de Minas e Energia";"20302 - Nuclebrás Equipamentos Pesados S.A.";"2.396.755,93";"25.001.235,99";"29.428.472,15";"105.176,45";
"07/2019";"20000 - Presidência da República";"20101 - Presidência da República";"53.301.554,77";"99.518.813,89";"115.975.514,51";"105.245.158,92";
"07/2019";"25000 - Ministério da Economia";"25207 - Serviço Federal de Processamento de Dados";"182.049.801,23";"187.857.511,49";"46.394.062,39";"2.451.617,42";
"07/2019";"22000 - Ministério da Agricultura, Pecuária e Abastecimento";"44208 - Serviço Florestal Brasileiro";"1.856.927,71";"979.527,30";"991.509,19";"1.106.283,35";
"07/2019";"25000 - Ministério da Economia";"20603 - Superintendência da Zona Franca de Manaus";"1.198.808,92";"13.107.390,49";"16.401.646,13";"804,94";
"07/2019";"53000 - Ministério do Desenvolvimento Regional";"53207 - Superintendência de Desenvolvimento do Centro-Oeste";"1.412.636,92";"2.149.891,40";"2.614.996,69";"8.623.923,18";
"07/2019";"25000 - Ministério da Economia";"25208 - Superintendência de Seguros Privados";"1.120.724,49";"17.402.674,91";"22.414.382,02";"2.231,82";
"07/2019";"53000 - Ministério do Desenvolvimento Regional";"53202 - Superintendência do Desenvolvimento da Amazônia";"21.873.580,46";"3.371.261,71";"4.436.607,16";"9.267.148,75";
"07/2019";"53000 - Ministério do Desenvolvimento Regional";"53203 - Superintendência do Desenvolvimento do Nordeste";"10.385.002,03";"3.672.004,25";"4.122.621,43";"100.000,00";
"07/2019";"25000 - Ministério da Economia";"33206 - Superintendência Nacional de Previdência Complementar";"3.351.865,00";"2.772.977,59";"3.481.568,84";"40.748,07";
"07/2019";"26000 - Ministério da Educação";"26442 - Universidade da Integração Internacional da Lusofonia Afro-Brasileira";"4.238.124,69";"10.888.005,93";"13.367.896,71";"448.930,63";
"07/2019";"26000 - Ministério da Educação";"26232 - Universidade Federal da Bahia";"33.676.923,87";"156.982.798,49";"183.594.405,03";"2.188.542,34";
"07/2019";"26000 - Ministério da Educação";"26440 - Universidade Federal da Fronteira Sul";"14.622.350,72";"20.077.163,88";"25.067.488,03";"2.908.296,75";
"07/2019";"26000 - Ministério da Educação";"26267 - Universidade Federal da Integração Latino-Americana";"26.456.205,31";"12.265.465,40";"14.791.448,96";"842.619,68";
"07/2019";"26000 - Ministério da Educação";"26240 - Universidade Federal da Paraíba";"28.169.997,33";"142.509.647,59";"169.542.706,07";"1.613.616,10";
"07/2019";"26000 - Ministério da Educação";"26231 - Universidade Federal de Alagoas";"9.110.530,74";"73.887.325,84";"93.527.033,80";"1.641.950,39";
"07/2019";"26000 - Ministério da Educação";"26260 - Universidade Federal de Alfenas ";"2.507.582,00";"19.217.460,11";"19.891.827,01";"498.514,24";
"07/2019";"26000 - Ministério da Educação";"26252 - Universidade Federal de Campina Grande";"14.006.903,80";"58.094.024,49";"66.718.405,65";"2.732.836,91";
"07/2019";"26000 - Ministério da Educação";"26235 - Universidade Federal de Goiás";"37.625.573,42";"120.814.471,81";"163.576.179,99";"6.400.427,62";
"07/2019";"26000 - Ministério da Educação";"26261 - Universidade Federal de Itajubá";"19.430.438,39";"17.258.058,95";"21.661.633,35";"1.106.339,73";
"07/2019";"26000 - Ministério da Educação";"26237 - Universidade Federal de Juiz de Fora";"16.446.404,62";"74.432.687,45";"92.453.298,59";"12.620.901,26";
"07/2019";"26000 - Ministério da Educação";"26263 - Universidade Federal de Lavras ";"4.808.625,59";"29.825.699,45";"37.471.802,41";"5.771.344,03";
"07/2019";"26000 - Ministério da Educação";"26238 - Universidade Federal de Minas Gerais";"20.598.411,02";"177.159.189,48";"242.096.752,06";"6.054.388,05";
"07/2019";"26000 - Ministério da Educação";"26277 - Universidade Federal de Ouro Preto";"3.606.784,66";"34.983.573,84";"43.760.646,86";"1.691.734,01";
"07/2019";"26000 - Ministério da Educação";"26242 - Universidade Federal de Pernambuco ";"17.050.168,63";"140.337.618,06";"184.007.443,26";"5.034.091,76";
"07/2019";"26000 - Ministério da Educação";"26250 - Universidade Federal de Roraima ";"49.266.938,94";"17.145.949,32";"21.780.322,78";"2.038.838,61";
"07/2019";"26000 - Ministério da Educação";"26246 - Universidade Federal de Santa Catarina";"26.874.879,78";"151.753.500,32";"187.498.776,17";"14.286.935,93";
"07/2019";"26000 - Ministério da Educação";"26247 - Universidade Federal de Santa Maria";"8.597.481,26";"106.550.024,38";"139.416.860,93";"2.413.202,43";
"07/2019";"26000 - Ministério da Educação";"26262 - Universidade Federal de São Paulo";"138.307.411,54";"101.650.034,64";"138.588.155,36";"1.105.888,44";
"07/2019";"26000 - Ministério da Educação";"26282 - Universidade Federal de Viçosa";"6.365.025,01";"71.347.059,57";"95.181.710,96";"689.651,29";
"07/2019";"26000 - Ministério da Educação";"26449 - Universidade Federal do Cariri";"1.256.275,83";"8.756.341,66";"10.869.784,42";"777.778,70";
"07/2019";"26000 - Ministério da Educação";"26233 - Universidade Federal do Ceará";"37.525.839,17";"137.563.110,66";"179.635.017,94";"3.327.679,24";
"07/2019";"26000 - Ministério da Educação";"26234 - Universidade Federal do Espírito Santo";"23.135.389,14";"92.798.425,03";"114.485.564,96";"4.753.679,99";
"07/2019";"26000 - Ministério da Educação";"26269 - Universidade Federal do Estado do Rio de Janeiro";"5.632.032,05";"45.093.831,90";"58.722.021,73";"774.465,36";
"07/2019";"26000 - Ministério da Educação";"26447 - Universidade Federal do Oeste da Bahia ";"8.039.101,87";"8.421.712,34";"10.258.339,42";"548.142,01";
"07/2019";"26000 - Ministério da Educação";"26441 - Universidade Federal do Oeste do Pará";"2.525.253,77";"13.926.230,19";"18.194.351,10";"6.983.301,52";
"07/2019";"26000 - Ministério da Educação";"26241 - Universidade Federal do Paraná";"130.281.927,09";"152.463.900,11";"200.275.529,84";"3.295.903,87";
"07/2019";"26000 - Ministério da Educação";"26239 - Universidade Federal do Pará";"214.199.579,37";"129.304.381,95";"156.704.267,07";"7.618.887,83";
"07/2019";"26000 - Ministério da Educação";"26351 - Universidade Federal do Recôncavo da Bahia";"26.204.926,45";"26.197.997,44";"27.231.997,69";"654.621,12";
"07/2019";"26000 - Ministério da Educação";"26245 - Universidade Federal do Rio de Janeiro";"35.914.768,79";"305.664.037,04";"384.348.636,07";"6.465.020,09";
"07/2019";"26000 - Ministério da Educação";"26273 - Universidade Federal do Rio Grande";"25.140.274,40";"56.145.118,14";"69.388.345,14";"2.852.144,07";
"07/2019";"26000 - Ministério da Educação";"26243 - Universidade Federal do Rio Grande do Norte";"282.582.815,86";"134.913.319,54";"172.644.040,07";"36.781.166,77";
"07/2019";"26000 - Ministério da Educação";"26244 - Universidade Federal do Rio Grande do Sul";"17.100.955,81";"149.351.601,23";"194.454.547,60";"2.668.721,52";
"07/2019";"26000 - Ministério da Educação";"26450 - Universidade Federal do Sul da Bahia";"1.177.727,50";"7.932.901,69";"9.305.161,63";"290.027,98";
"07/2019";"26000 - Ministério da Educação";"26448 - Universidade Federal do Sul e Sudeste do Pará";"8.765.246,10";"10.324.816,06";"12.804.872,33";"3.559.046,64";
"07/2019";"26000 - Ministério da Educação";"26254 - Universidade Federal do Triângulo Mineiro";"11.549.506,77";"46.883.361,30";"59.028.332,50";"1.229.219,44";
"07/2019";"26000 - Ministério da Educação";"26255 - Universidade Federal dos Vales do Jequitinhonha e Mucuri";"3.372.794,67";"21.657.002,64";"26.439.195,53";"524.271,15";
"07/2019";"26000 - Ministério da Educação";"26236 - Universidade Federal Fluminense";"23.607.443,49";"175.080.548,18";"229.129.794,81";"11.577.666,96";
"07/2019";"26000 - Ministério da Educação";"26253 - Universidade Federal Rural da Amazônia";"8.620.628,34";"18.489.287,22";"24.957.747,73";"1.359.319,29";
"07/2019";"26000 - Ministério da Educação";"26248 - Universidade Federal Rural de Pernambuco";"7.053.604,33";"51.824.585,11";"63.682.978,76";"3.192.127,24";
"07/2019";"26000 - Ministério da Educação";"26249 - Universidade Federal Rural do Rio de Janeiro ";"5.921.510,22";"53.091.540,87";"63.990.367,73";"1.703.806,75";
"07/2019";"26000 - Ministério da Educação";"26264 - Universidade Federal Rural do Semi-Árido";"1.187.043,32";"22.287.631,25";"27.130.590,14";"1.212.111,40";
"07/2019";"26000 - Ministério da Educação";"26258 - Universidade Tecnológica Federal do Paraná ";"14.240.632,80";"72.973.178,11";"87.705.415,83";"4.695.965,59";
"07/2019";"39000 - Ministério da Infraestrutura";"29209 - VALEC Engenharia, Construções e Ferrovias S.A.";"7.606.207,96";"30.423.173,65";"34.059.975,03";"3.694.451,71";
